Sample	Dataset	sex	superpop
HG00097	HPRC	XX	EUR
HG00099	HPRC	XX	EUR
HG00102	1KGP-LRSC	XX	EUR
HG00109	1KGP-LRSC	XY	EUR
HG00112	1KGP-LRSC	XY	EUR
HG00113	1KGP-LRSC	XY	EUR
HG00115	1KGP-LRSC	XY	EUR
HG00116	1KGP-LRSC	XY	EUR
HG00119	1KGP-LRSC	XY	EUR
HG00126	HPRC	XY	EUR
HG00128	HPRC	XX	EUR
HG00133	HPRC	XX	EUR
HG00140	HPRC	XY	EUR
HG00142	1KGP-LRSC	XY	EUR
HG00143	1KGP-LRSC	XY	EUR
HG00145	1KGP-LRSC	XY	EUR
HG00146	HPRC	XX	EUR
HG00154	1KGP-LRSC	XX	EUR
HG00155	1KGP-LRSC	XY	EUR
HG00160	1KGP-LRSC	XY	EUR
HG00171	1KGP-LRSC	XX	EUR
HG00231	1KGP-LRSC	XX	EUR
HG00232	HPRC	XX	EUR
HG00234	1KGP-LRSC	XY	EUR
HG00235	HPRC	XX	EUR
HG00236	1KGP-LRSC	XX	EUR
HG00237	1KGP-LRSC	XX	EUR
HG00246	1KGP-LRSC	XY	EUR
HG00250	1KGP-LRSC	XX	EUR
HG00253	HPRC	XX	EUR
HG00256	1KGP-LRSC	XY	EUR
HG00259	1KGP-LRSC	XX	EUR
HG00262	1KGP-LRSC	XX	EUR
HG00263	1KGP-LRSC	XX	EUR
HG00264	1KGP-LRSC	XY	EUR
HG00272	HPRC	XX	EUR
HG00277	1KGP-LRSC	XY	EUR
HG00280	HPRC	XY	EUR
HG00285	1KGP-LRSC	XX	EUR
HG00290	HPRC	XY	EUR
HG00304	1KGP-LRSC	XX	EUR
HG00318	1KGP-LRSC	XX	EUR
HG00320	HPRC	XX	EUR
HG00321	HPRC	XY	EUR
HG00323	HPRC	XX	EUR
HG00326	1KGP-LRSC	XX	EUR
HG00329	HPRC	XY	EUR
HG00344	HPRC	XX	EUR
HG00350	HPRC	XX	EUR
HG00372	1KGP-LRSC	XY	EUR
HG00382	1KGP-LRSC	XY	EUR
HG00408	HPRC	XX	EAS
HG00423	HPRC	XX	EAS
HG00438	HPRC	XX	EAS
HG00463	1KGP-LRSC	XY	EAS
HG00513	1KGP-LRSC	XX	EAS
HG00533	1KGP-LRSC	XY	EAS
HG00544	HPRC	XX	EAS
HG00553	1KGP-LRSC	XY	AMR
HG00556	1KGP-LRSC	XY	EAS
HG00558	HPRC	XX	EAS
HG00581	1KGP-LRSC	XX	EAS
HG00590	1KGP-LRSC	XX	EAS
HG00597	HPRC	XX	EAS
HG00598	1KGP-LRSC	XY	EAS
HG00609	HPRC	XY	EAS
HG00621	HPRC	XY	EAS
HG00625	1KGP-LRSC	XY	EAS
HG00639	HPRC	XX	AMR
HG00642	HPRC	XY	AMR
HG00653	1KGP-LRSC	XY	EAS
HG00658	HPRC	XY	EAS
HG00663	1KGP-LRSC	XX	EAS
HG00673	HPRC	XY	EAS
HG00674	1KGP-LRSC	XY	EAS
HG00693	1KGP-LRSC	XX	EAS
HG00704	1KGP-LRSC	XY	EAS
HG00706	HPRC	XY	EAS
HG00731	1KGP-LRSC	XY	AMR
HG00733	HPRC	XX	AMR
HG00735	HPRC	XX	AMR
HG00738	HPRC	XY	AMR
HG00741	HPRC	XX	AMR
HG00742	1KGP-LRSC	XY	AMR
HG01052	1KGP-LRSC	XX	AMR
HG01061	1KGP-LRSC	XX	AMR
HG01063	1KGP-LRSC	XY	AMR
HG01071	HPRC	XX	AMR
HG01074	HPRC	XY	AMR
HG01081	HPRC	XX	AMR
HG01088	1KGP-LRSC	XY	AMR
HG01099	HPRC	XY	AMR
HG01106	HPRC	XY	AMR
HG01109	HPRC	XY	AMR
HG01113	1KGP-LRSC	XX	AMR
HG01123	HPRC	XX	AMR
HG01125	1KGP-LRSC	XX	AMR
HG01150	HPRC	XX	AMR
HG01167	HPRC	XY	AMR
HG01170	1KGP-LRSC	XY	AMR
HG01173	1KGP-LRSC	XY	AMR
HG01175	HPRC	XX	AMR
HG01190	1KGP-LRSC	XY	AMR
HG01192	HPRC	XY	AMR
HG01200	1KGP-LRSC	XY	AMR
HG01204	1KGP-LRSC	XY	AMR
HG01243	HPRC	XY	AMR
HG01250	1KGP-LRSC	XY	AMR
HG01251	1KGP-LRSC	XX	AMR
HG01252	HPRC	XY	AMR
HG01255	HPRC	XY	AMR
HG01258	HPRC	XY	AMR
HG01260	1KGP-LRSC	XX	AMR
HG01261	HPRC	XY	AMR
HG01271	1KGP-LRSC	XY	AMR
HG01277	1KGP-LRSC	XY	AMR
HG01303	1KGP-LRSC	XX	AMR
HG01305	1KGP-LRSC	XY	AMR
HG01323	1KGP-LRSC	XX	AMR
HG01326	1KGP-LRSC	XX	AMR
HG01334	1KGP-LRSC	XY	EUR
HG01342	1KGP-LRSC	XX	AMR
HG01346	HPRC	XX	AMR
HG01358	HPRC	XY	AMR
HG01361	HPRC	XX	AMR
HG01402	1KGP-LRSC	XY	AMR
HG01405	1KGP-LRSC	XY	AMR
HG01413	1KGP-LRSC	XY	AMR
HG01433	HPRC	XY	AMR
HG01435	1KGP-LRSC	XX	AMR
HG01461	1KGP-LRSC	XY	AMR
HG01485	1KGP-LRSC	XY	AMR
HG01496	HPRC	XX	AMR
HG01515	1KGP-LRSC	XY	EUR
HG01530	HPRC	XY	EUR
HG01669	1KGP-LRSC	XY	EUR
HG01682	1KGP-LRSC	XY	EUR
HG01686	1KGP-LRSC	XY	EUR
HG01771	1KGP-LRSC	XY	EUR
HG01784	HPRC	XX	EUR
HG01786	HPRC	XX	EUR
HG01795	1KGP-LRSC	XX	EAS
HG01802	1KGP-LRSC	XX	EAS
HG01804	1KGP-LRSC	XX	EAS
HG01808	1KGP-LRSC	XX	EAS
HG01811	1KGP-LRSC	XY	EAS
HG01816	1KGP-LRSC	XY	EAS
HG01841	1KGP-LRSC	XX	EAS
HG01842	1KGP-LRSC	XY	EAS
HG01845	1KGP-LRSC	XX	EAS
HG01850	1KGP-LRSC	XX	EAS
HG01852	1KGP-LRSC	XY	EAS
HG01855	1KGP-LRSC	XX	EAS
HG01857	1KGP-LRSC	XX	EAS
HG01860	1KGP-LRSC	XY	EAS
HG01861	1KGP-LRSC	XY	EAS
HG01867	1KGP-LRSC	XY	EAS
HG01869	1KGP-LRSC	XX	EAS
HG01884	HPRC	XX	AFR
HG01891	HPRC	XX	AFR
HG01893	1KGP-LRSC	XX	AMR
HG01920	1KGP-LRSC	XY	AMR
HG01928	HPRC	XY	AMR
HG01934	HPRC	XY	AMR
HG01940	HPRC	XX	AMR
HG01943	HPRC	XY	AMR
HG01952	HPRC	XY	AMR
HG01960	HPRC	XX	AFR
HG01969	HPRC	XX	AMR
HG01970	1KGP-LRSC	XY	AMR
HG01973	1KGP-LRSC	XX	AMR
HG01975	HPRC	XX	AMR
HG01978	HPRC	XX	AMR
HG01981	HPRC	XX	AMR
HG01993	HPRC	XX	AMR
HG02004	HPRC	XX	AMR
HG02015	HPRC	XY	EAS
HG02024	1KGP-LRSC	XX	EAS
HG02025	1KGP-LRSC	XX	EAS
HG02026	1KGP-LRSC	XY	EAS
HG02027	HPRC	XY	EAS
HG02035	1KGP-LRSC	XY	EAS
HG02040	HPRC	XY	EAS
HG02055	HPRC	XY	AFR
HG02056	HPRC	XY	EAS
HG02071	HPRC	XY	EAS
HG02074	HPRC	XY	EAS
HG02080	HPRC	XX	EAS
HG02083	HPRC	XY	EAS
HG02086	1KGP-LRSC	XX	EAS
HG02088	1KGP-LRSC	XY	EAS
HG02109	HPRC	XX	AFR
HG02129	HPRC	XY	EAS
HG02132	HPRC	XY	EAS
HG02134	1KGP-LRSC	XY	EAS
HG02135	HPRC	XY	EAS
HG02140	1KGP-LRSC	XX	EAS
HG02141	1KGP-LRSC	XY	EAS
HG02145	HPRC	XY	AFR
HG02148	HPRC	XX	AMR
HG02155	HPRC	XX	EAS
HG02165	HPRC	XX	EAS
HG02178	HPRC	XX	EAS
HG02179	1KGP-LRSC	XX	EAS
HG02181	1KGP-LRSC	XX	EAS
HG02186	1KGP-LRSC	XX	EAS
HG02187	1KGP-LRSC	XX	EAS
HG02220	1KGP-LRSC	XX	EUR
HG02230	1KGP-LRSC	XX	EUR
HG02232	1KGP-LRSC	XX	EUR
HG02236	1KGP-LRSC	XY	EUR
HG02257	HPRC	XX	AFR
HG02258	HPRC	XY	AFR
HG02273	HPRC	XX	AMR
HG02280	HPRC	XX	AFR
HG02293	HPRC	XX	AMR
HG02300	HPRC	XY	AMR
HG02301	1KGP-LRSC	XX	AMR
HG02321	1KGP-LRSC	XX	AFR
HG02334	1KGP-LRSC	XY	AFR
HG02351	1KGP-LRSC	XY	EAS
HG02353	1KGP-LRSC	XY	EAS
HG02356	1KGP-LRSC	XY	EAS
HG02374	1KGP-LRSC	XY	EAS
HG02380	1KGP-LRSC	XY	EAS
HG02391	HPRC	XY	EAS
HG02392	HPRC	XY	EAS
HG02394	1KGP-LRSC	XY	EAS
HG02451	HPRC	XX	AFR
HG02470	1KGP-LRSC	XY	AFR
HG02484	1KGP-LRSC	XY	AFR
HG02486	HPRC	XY	AFR
HG02514	HPRC	XY	EAS
HG02523	HPRC	XX	EAS
HG02549	1KGP-LRSC	XX	AFR
HG02555	1KGP-LRSC	XX	AFR
HG02559	HPRC	XX	AFR
HG02572	HPRC	XY	AFR
HG02583	HPRC	XX	AFR
HG02594	1KGP-LRSC	XY	AFR
HG02601	1KGP-LRSC	XX	SAS
HG02602	HPRC	XY	SAS
HG02615	HPRC	XX	AFR
HG02622	HPRC	XX	AFR
HG02630	HPRC	XX	AFR
HG02647	HPRC	XY	AFR
HG02668	HPRC	XY	AFR
HG02698	HPRC	XY	SAS
HG02717	HPRC	XY	AFR
HG02723	HPRC	XX	AFR
HG02735	HPRC	XY	SAS
HG02738	HPRC	XY	SAS
HG02763	1KGP-LRSC	XX	AFR
HG02772	1KGP-LRSC	XX	AFR
HG02780	1KGP-LRSC	XY	SAS
HG02809	HPRC	XX	AFR
HG02810	1KGP-LRSC	XY	AFR
HG02818	HPRC	XX	AFR
HG02819	1KGP-LRSC	XY	AFR
HG02837	1KGP-LRSC	XX	AFR
HG02840	1KGP-LRSC	XX	AFR
HG02841	HPRC	XX	AFR
HG02852	1KGP-LRSC	XX	AFR
HG02854	1KGP-LRSC	XY	AFR
HG02860	1KGP-LRSC	XY	AFR
HG02861	1KGP-LRSC	XX	AFR
HG02884	1KGP-LRSC	XY	AFR
HG02885	1KGP-LRSC	XX	AFR
HG02886	HPRC	XX	AFR
HG02887	1KGP-LRSC	XY	AFR
HG02891	1KGP-LRSC	XX	AFR
HG02922	HPRC	XX	AFR
HG02952	1KGP-LRSC	XX	AFR
HG02965	HPRC	XY	AFR
HG02968	1KGP-LRSC	XY	AFR
HG02976	HPRC	XX	AFR
HG02977	1KGP-LRSC	XY	AFR
HG02984	HPRC	XY	AFR
HG03009	1KGP-LRSC	XY	SAS
HG03017	HPRC	XY	SAS
HG03018	1KGP-LRSC	XY	SAS
HG03027	1KGP-LRSC	XY	AFR
HG03041	HPRC	XX	AFR
HG03045	1KGP-LRSC	XY	AFR
HG03050	HPRC	XY	AFR
HG03055	1KGP-LRSC	XX	AFR
HG03066	1KGP-LRSC	XY	AFR
HG03079	1KGP-LRSC	XX	AFR
HG03098	HPRC	XY	AFR
HG03099	1KGP-LRSC	XX	AFR
HG03118	1KGP-LRSC	XY	AFR
HG03123	1KGP-LRSC	XX	AFR
HG03129	1KGP-LRSC	XX	AFR
HG03130	HPRC	XY	AFR
HG03139	HPRC	XY	AFR
HG03157	1KGP-LRSC	XY	AFR
HG03160	1KGP-LRSC	XY	AFR
HG03166	1KGP-LRSC	XY	AFR
HG03195	HPRC	XX	AFR
HG03209	HPRC	XY	AFR
HG03224	1KGP-LRSC	XY	AFR
HG03225	HPRC	XY	AFR
HG03239	HPRC	XX	SAS
HG03270	HPRC	XX	AFR
HG03352	1KGP-LRSC	XY	AFR
HG03367	1KGP-LRSC	XY	AFR
HG03369	HPRC	XX	AFR
HG03382	1KGP-LRSC	XY	AFR
HG03385	1KGP-LRSC	XY	AFR
HG03433	1KGP-LRSC	XY	AFR
HG03436	1KGP-LRSC	XY	AFR
HG03453	HPRC	XX	AFR
HG03464	1KGP-LRSC	XX	AFR
HG03470	HPRC	XX	AFR
HG03471	HPRC	XY	AFR
HG03472	1KGP-LRSC	XY	AFR
HG03478	1KGP-LRSC	XY	AFR
HG03486	HPRC	XX	AFR
HG03514	1KGP-LRSC	XX	AFR
HG03516	HPRC	XX	AFR
HG03521	HPRC	XY	AFR
HG03538	1KGP-LRSC	XY	AFR
HG03540	HPRC	XX	AFR
HG03575	1KGP-LRSC	XX	AFR
HG03579	HPRC	XY	AFR
HG03583	HPRC	XX	AFR
HG03603	1KGP-LRSC	XY	SAS
HG03629	1KGP-LRSC	XY	SAS
HG03654	HPRC	XY	SAS
HG03663	1KGP-LRSC	XY	SAS
HG03667	1KGP-LRSC	XY	SAS
HG03669	HPRC	XX	SAS
HG03680	1KGP-LRSC	XY	SAS
HG03685	1KGP-LRSC	XY	SAS
HG03688	HPRC	XY	SAS
HG03693	1KGP-LRSC	XY	SAS
HG03694	1KGP-LRSC	XY	SAS
HG03698	1KGP-LRSC	XX	SAS
HG03704	HPRC	XX	SAS
HG03710	HPRC	XY	SAS
HG03720	1KGP-LRSC	XY	SAS
HG03733	1KGP-LRSC	XX	SAS
HG03742	HPRC	XY	SAS
HG03743	1KGP-LRSC	XY	SAS
HG03745	1KGP-LRSC	XY	SAS
HG03752	1KGP-LRSC	XX	SAS
HG03755	1KGP-LRSC	XY	SAS
HG03757	1KGP-LRSC	XX	SAS
HG03772	1KGP-LRSC	XX	SAS
HG03779	1KGP-LRSC	XY	SAS
HG03784	HPRC	XX	SAS
HG03787	1KGP-LRSC	XX	SAS
HG03788	1KGP-LRSC	XY	SAS
HG03804	HPRC	XX	SAS
HG03808	1KGP-LRSC	XX	SAS
HG03815	1KGP-LRSC	XY	SAS
HG03816	HPRC	XX	SAS
HG03831	HPRC	XX	SAS
HG03834	HPRC	XX	SAS
HG03849	1KGP-LRSC	XX	SAS
HG03851	1KGP-LRSC	XY	SAS
HG03866	1KGP-LRSC	XY	SAS
HG03874	HPRC	XX	SAS
HG03875	1KGP-LRSC	XY	SAS
HG03884	1KGP-LRSC	XX	SAS
HG03887	1KGP-LRSC	XY	SAS
HG03902	1KGP-LRSC	XY	SAS
HG03911	1KGP-LRSC	XY	SAS
HG03920	1KGP-LRSC	XY	SAS
HG03927	HPRC	XX	SAS
HG03942	HPRC	XY	SAS
HG03945	1KGP-LRSC	XX	SAS
HG03953	1KGP-LRSC	XY	SAS
HG03960	1KGP-LRSC	XY	SAS
HG03991	1KGP-LRSC	XY	SAS
HG03998	1KGP-LRSC	XY	SAS
HG04001	1KGP-LRSC	XX	SAS
HG04002	1KGP-LRSC	XY	SAS
HG04019	1KGP-LRSC	XY	SAS
HG04026	1KGP-LRSC	XX	SAS
HG04033	1KGP-LRSC	XY	SAS
HG04038	1KGP-LRSC	XX	SAS
HG04047	1KGP-LRSC	XX	SAS
HG04056	1KGP-LRSC	XY	SAS
HG04061	1KGP-LRSC	XY	SAS
HG04076	1KGP-LRSC	XX	SAS
HG04094	1KGP-LRSC	XY	SAS
HG04107	1KGP-LRSC	XY	SAS
HG04115	HPRC	XY	SAS
HG04157	HPRC	XY	SAS
HG04160	HPRC	XY	SAS
HG04161	1KGP-LRSC	XY	SAS
HG04164	1KGP-LRSC	XY	SAS
HG04176	1KGP-LRSC	XY	SAS
HG04184	HPRC	XX	SAS
HG04187	HPRC	XY	SAS
HG04199	HPRC	XY	SAS
HG04202	1KGP-LRSC	XX	SAS
HG04204	HPRC	XY	SAS
HG04209	1KGP-LRSC	XX	SAS
HG04211	1KGP-LRSC	XY	SAS
HG04212	1KGP-LRSC	XX	SAS
HG04214	1KGP-LRSC	XX	SAS
HG04228	HPRC	XY	SAS
HG04235	1KGP-LRSC	XY	SAS
HG04239	1KGP-LRSC	XY	SAS
NA18505	HPRC	XX	AFR
NA18508	HPRC	XX	AFR
NA18522	HPRC	XY	AFR
NA18565	HPRC	XX	EAS
NA18570	HPRC	XX	EAS
NA18608	HPRC	XY	EAS
NA18620	HPRC	XY	EAS
NA18747	HPRC	XY	EAS
NA18879	HPRC	XY	AFR
NA18906	HPRC	XX	AFR
NA18940	HPRC	XY	EAS
NA18943	HPRC	XY	EAS
NA18944	HPRC	XY	EAS
NA18945	HPRC	XY	EAS
NA18948	HPRC	XY	EAS
NA18952	HPRC	XY	EAS
NA18959	HPRC	XY	EAS
NA18960	HPRC	XY	EAS
NA18967	HPRC	XY	EAS
NA18970	HPRC	XY	EAS
NA18971	HPRC	XY	EAS
NA18974	HPRC	XY	EAS
NA18976	HPRC	XX	EAS
NA18982	HPRC	XY	EAS
NA18983	HPRC	XY	EAS
NA19036	HPRC	XX	AFR
NA19038	1KGP-LRSC	XX	AFR
NA19043	HPRC	XY	AFR
NA19087	HPRC	XX	EAS
NA19159	HPRC	XX	AFR
NA19185	HPRC	XX	AFR
NA19238	1KGP-LRSC	XX	AFR
NA19240	HPRC	XX	AFR
NA19338	HPRC	XX	AFR
NA19391	HPRC	XX	AFR
NA19404	1KGP-LRSC	XX	AFR
NA19429	1KGP-LRSC	XY	AFR
NA19443	HPRC	XY	AFR
NA19468	HPRC	XX	AFR
NA19682	HPRC	XY	AMR
NA19700	HPRC	XY	AFR
NA19776	HPRC	XX	AMR
NA19835	HPRC	XX	AFR
NA19909	HPRC	XX	AFR
NA20129	HPRC	XX	AFR
NA20282	HPRC	XX	AFR
NA20346	HPRC	XY	AFR
NA20503	HPRC	XX	EUR
NA20752	HPRC	XY	EUR
NA20762	HPRC	XY	EUR
NA20799	HPRC	XX	EUR
NA20805	HPRC	XY	EUR
NA20806	HPRC	XY	EUR
NA20809	HPRC	XY	EUR
NA20827	HPRC	XY	EUR
NA20847	1KGP-LRSC	XX	SAS
NA20850	HPRC	XY	SAS
NA20870	HPRC	XY	SAS
NA20905	HPRC	XY	SAS
NA21093	HPRC	XY	SAS
NA21102	HPRC	XX	SAS
NA21106	HPRC	XX	SAS
NA21110	HPRC	XX	SAS
NA21144	HPRC	XX	SAS
NA21309	HPRC	XX	AFR
